,Genre,variable,value
0,Action,USA,0.0790270766407
1,Adventure,USA,0.0628728774667
2,Animation,USA,0.0167049105094
3,Biography,USA,0.0164295548417
4,Comedy,USA,0.140339605324
5,Crime,USA,0.0616796695732
6,Documentary,USA,0.00826067003212
7,Drama,USA,0.169986232217
8,Family,USA,0.0400183570445
9,Fantasy,USA,0.0446994033961
10,Film-Noir,USA,0.000550711335475
11,Game-Show,USA,9.17852225792e-05
12,History,USA,0.0100045892611
13,Horror,USA,0.0402019274897
14,Music,USA,0.0158788435062
15,Musical,USA,0.0100963744837
16,Mystery,USA,0.0340523175769
17,News,USA,0.000183570445158
18,Reality-TV,USA,9.17852225792e-05
19,Romance,USA,0.0770078017439
20,Sci-Fi,USA,0.044056906838
21,Short,USA,0.000367140890317
22,Sport,USA,0.0138595686095
23,Thriller,USA,0.0963744837081
24,War,USA,0.010463515374
25,Western,USA,0.00670032124828
26,Action,UK,0.0686274509804
27,Adventure,UK,0.0739064856712
28,Animation,UK,0.00904977375566
29,Biography,UK,0.0429864253394
30,Comedy,UK,0.0965309200603
31,Crime,UK,0.0580693815988
32,Documentary,UK,0.00829562594268
33,Drama,UK,0.199849170437
34,Family,UK,0.0286576168929
35,Fantasy,UK,0.0346907993967
36,Film-Noir,UK,0.0
37,Game-Show,UK,0.0
38,History,UK,0.0294117647059
39,Horror,UK,0.0301659125189
40,Music,UK,0.0165912518854
41,Musical,UK,0.00678733031674
42,Mystery,UK,0.0377073906486
43,News,UK,0.0
44,Reality-TV,UK,0.0
45,Romance,UK,0.0814479638009
46,Sci-Fi,UK,0.0346907993967
47,Short,UK,0.000754147812971
48,Sport,UK,0.0105580693816
49,Thriller,UK,0.103318250377
50,War,UK,0.0248868778281
51,Western,UK,0.00301659125189
52,Action,New Zealand,0.125
53,Adventure,New Zealand,0.145833333333
54,Animation,New Zealand,0.0
55,Biography,New Zealand,0.0625
56,Comedy,New Zealand,0.0208333333333
57,Crime,New Zealand,0.0416666666667
58,Documentary,New Zealand,0.0208333333333
59,Drama,New Zealand,0.25
60,Family,New Zealand,0.0208333333333
61,Fantasy,New Zealand,0.0625
62,Film-Noir,New Zealand,0.0
63,Game-Show,New Zealand,0.0
64,History,New Zealand,0.0
65,Horror,New Zealand,0.0208333333333
66,Music,New Zealand,0.0208333333333
67,Musical,New Zealand,0.0
68,Mystery,New Zealand,0.0208333333333
69,News,New Zealand,0.0
70,Reality-TV,New Zealand,0.0
71,Romance,New Zealand,0.104166666667
72,Sci-Fi,New Zealand,0.0
73,Short,New Zealand,0.0
74,Sport,New Zealand,0.0208333333333
75,Thriller,New Zealand,0.0208333333333
76,War,New Zealand,0.0
77,Western,New Zealand,0.0416666666667
78,Action,Canada,0.0749279538905
79,Adventure,Canada,0.0374639769452
80,Animation,Canada,0.00864553314121
81,Biography,Canada,0.0172910662824
82,Comedy,Canada,0.118155619597
83,Crime,Canada,0.0518731988473
84,Documentary,Canada,0.00576368876081
85,Drama,Canada,0.187319884726
86,Family,Canada,0.0317002881844
87,Fantasy,Canada,0.0403458213256
88,Film-Noir,Canada,0.0
89,Game-Show,Canada,0.0
90,History,Canada,0.0115273775216
91,Horror,Canada,0.0835734870317
92,Music,Canada,0.00864553314121
93,Musical,Canada,0.00576368876081
94,Mystery,Canada,0.0518731988473
95,News,Canada,0.0
96,Reality-TV,Canada,0.0
97,Romance,Canada,0.0489913544669
98,Sci-Fi,Canada,0.0634005763689
99,Short,Canada,0.0
100,Sport,Canada,0.0201729106628
101,Thriller,Canada,0.112391930836
102,War,Canada,0.00864553314121
103,Western,Canada,0.0115273775216
104,Action,Australia,0.0909090909091
105,Adventure,Australia,0.0909090909091
106,Animation,Australia,0.0113636363636
107,Biography,Australia,0.0284090909091
108,Comedy,Australia,0.0909090909091
109,Crime,Australia,0.0227272727273
110,Documentary,Australia,0.00568181818182
111,Drama,Australia,0.159090909091
112,Family,Australia,0.0454545454545
113,Fantasy,Australia,0.0284090909091
114,Film-Noir,Australia,0.0
115,Game-Show,Australia,0.0
116,History,Australia,0.0113636363636
117,Horror,Australia,0.0568181818182
118,Music,Australia,0.0113636363636
119,Musical,Australia,0.0113636363636
120,Mystery,Australia,0.0397727272727
121,News,Australia,0.0
122,Reality-TV,Australia,0.0
123,Romance,Australia,0.0738636363636
124,Sci-Fi,Australia,0.0738636363636
125,Short,Australia,0.0
126,Sport,Australia,0.00568181818182
127,Thriller,Australia,0.0909090909091
128,War,Australia,0.0340909090909
129,Western,Australia,0.0170454545455
130,Action,Belgium,0.125
131,Adventure,Belgium,0.1875
132,Animation,Belgium,0.0625
133,Biography,Belgium,0.0625
134,Comedy,Belgium,0.0625
135,Crime,Belgium,0.0
136,Documentary,Belgium,0.0
137,Drama,Belgium,0.0625
138,Family,Belgium,0.0625
139,Fantasy,Belgium,0.0625
140,Film-Noir,Belgium,0.0
141,Game-Show,Belgium,0.0
142,History,Belgium,0.0
143,Horror,Belgium,0.0
144,Music,Belgium,0.0
145,Musical,Belgium,0.0
146,Mystery,Belgium,0.0
147,News,Belgium,0.0
148,Reality-TV,Belgium,0.0
149,Romance,Belgium,0.125
150,Sci-Fi,Belgium,0.125
151,Short,Belgium,0.0
152,Sport,Belgium,0.0
153,Thriller,Belgium,0.0625
154,War,Belgium,0.0
155,Western,Belgium,0.0
156,Action,Japan,0.141176470588
157,Adventure,Japan,0.164705882353
158,Animation,Japan,0.117647058824
159,Biography,Japan,0.0
160,Comedy,Japan,0.0470588235294
161,Crime,Japan,0.0117647058824
162,Documentary,Japan,0.0
163,Drama,Japan,0.0941176470588
164,Family,Japan,0.0823529411765
165,Fantasy,Japan,0.0705882352941
166,Film-Noir,Japan,0.0
167,Game-Show,Japan,0.0
168,History,Japan,0.0117647058824
169,Horror,Japan,0.0470588235294
170,Music,Japan,0.0
171,Musical,Japan,0.0
172,Mystery,Japan,0.0235294117647
173,News,Japan,0.0
174,Reality-TV,Japan,0.0
175,Romance,Japan,0.0117647058824
176,Sci-Fi,Japan,0.0941176470588
177,Short,Japan,0.0
178,Sport,Japan,0.0
179,Thriller,Japan,0.0588235294118
180,War,Japan,0.0117647058824
181,Western,Japan,0.0117647058824
182,Action,Germany,0.0869565217391
183,Adventure,Germany,0.0535117056856
184,Animation,Germany,0.0133779264214
185,Biography,Germany,0.0301003344482
186,Comedy,Germany,0.107023411371
187,Crime,Germany,0.0969899665552
188,Documentary,Germany,0.0066889632107
189,Drama,Germany,0.180602006689
190,Family,Germany,0.0401337792642
191,Fantasy,Germany,0.0367892976589
192,Film-Noir,Germany,0.0
193,Game-Show,Germany,0.0
194,History,Germany,0.0100334448161
195,Horror,Germany,0.0334448160535
196,Music,Germany,0.0066889632107
197,Musical,Germany,0.0
198,Mystery,Germany,0.0367892976589
199,News,Germany,0.0
200,Reality-TV,Germany,0.0
201,Romance,Germany,0.0802675585284
202,Sci-Fi,Germany,0.0367892976589
203,Short,Germany,0.0
204,Sport,Germany,0.0133779264214
205,Thriller,Germany,0.110367892977
206,War,Germany,0.0200668896321
207,Western,Germany,0.0
208,Action,China,0.206896551724
209,Adventure,China,0.137931034483
210,Animation,China,0.0229885057471
211,Biography,China,0.0114942528736
212,Comedy,China,0.0689655172414
213,Crime,China,0.0229885057471
214,Documentary,China,0.0
215,Drama,China,0.206896551724
216,Family,China,0.0229885057471
217,Fantasy,China,0.0344827586207
218,Film-Noir,China,0.0
219,Game-Show,China,0.0
220,History,China,0.126436781609
221,Horror,China,0.0
222,Music,China,0.0
223,Musical,China,0.0
224,Mystery,China,0.0
225,News,China,0.0
226,Reality-TV,China,0.0
227,Romance,China,0.0574712643678
228,Sci-Fi,China,0.0
229,Short,China,0.0
230,Sport,China,0.0
231,Thriller,China,0.0229885057471
232,War,China,0.0574712643678
233,Western,China,0.0
234,Action,France,0.0685840707965
235,Adventure,France,0.0442477876106
236,Animation,France,0.0265486725664
237,Biography,France,0.0287610619469
238,Comedy,France,0.0907079646018
239,Crime,France,0.0862831858407
240,Documentary,France,0.00884955752212
241,Drama,France,0.216814159292
242,Family,France,0.0265486725664
243,Fantasy,France,0.0309734513274
244,Film-Noir,France,0.0
245,Game-Show,France,0.0
246,History,France,0.0199115044248
247,Horror,France,0.0287610619469
248,Music,France,0.0154867256637
249,Musical,France,0.00663716814159
250,Mystery,France,0.033185840708
251,News,France,0.0
252,Reality-TV,France,0.0
253,Romance,France,0.0730088495575
254,Sci-Fi,France,0.0287610619469
255,Short,France,0.0
256,Sport,France,0.00221238938053
257,Thriller,France,0.12389380531
258,War,France,0.033185840708
259,Western,France,0.00663716814159
260,Action,New Line,0.0
261,Adventure,New Line,0.0
262,Animation,New Line,0.0
263,Biography,New Line,0.0
264,Comedy,New Line,0.5
265,Crime,New Line,0.0
266,Documentary,New Line,0.0
267,Drama,New Line,0.0
268,Family,New Line,0.0
269,Fantasy,New Line,0.0
270,Film-Noir,New Line,0.0
271,Game-Show,New Line,0.0
272,History,New Line,0.0
273,Horror,New Line,0.0
274,Music,New Line,0.0
275,Musical,New Line,0.0
276,Mystery,New Line,0.0
277,News,New Line,0.0
278,Reality-TV,New Line,0.0
279,Romance,New Line,0.5
280,Sci-Fi,New Line,0.0
281,Short,New Line,0.0
282,Sport,New Line,0.0
283,Thriller,New Line,0.0
284,War,New Line,0.0
285,Western,New Line,0.0
286,Action,Mexico,0.0263157894737
287,Adventure,Mexico,0.0789473684211
288,Animation,Mexico,0.0263157894737
289,Biography,Mexico,0.0
290,Comedy,Mexico,0.157894736842
291,Crime,Mexico,0.0263157894737
292,Documentary,Mexico,0.0
293,Drama,Mexico,0.368421052632
294,Family,Mexico,0.0263157894737
295,Fantasy,Mexico,0.0
296,Film-Noir,Mexico,0.0
297,Game-Show,Mexico,0.0
298,History,Mexico,0.0789473684211
299,Horror,Mexico,0.0
300,Music,Mexico,0.0
301,Musical,Mexico,0.0
302,Mystery,Mexico,0.0
303,News,Mexico,0.0
304,Reality-TV,Mexico,0.0
305,Romance,Mexico,0.0789473684211
306,Sci-Fi,Mexico,0.0
307,Short,Mexico,0.0
308,Sport,Mexico,0.0
309,Thriller,Mexico,0.0263157894737
310,War,Mexico,0.0789473684211
311,Western,Mexico,0.0263157894737
312,Action,Spain,0.0210526315789
313,Adventure,Spain,0.0526315789474
314,Animation,Spain,0.0210526315789
315,Biography,Spain,0.0210526315789
316,Comedy,Spain,0.0421052631579
317,Crime,Spain,0.0421052631579
318,Documentary,Spain,0.0
319,Drama,Spain,0.252631578947
320,Family,Spain,0.0210526315789
321,Fantasy,Spain,0.0210526315789
322,Film-Noir,Spain,0.0
323,Game-Show,Spain,0.0
324,History,Spain,0.0315789473684
325,Horror,Spain,0.0526315789474
326,Music,Spain,0.0
327,Musical,Spain,0.0105263157895
328,Mystery,Spain,0.0947368421053
329,News,Spain,0.0
330,Reality-TV,Spain,0.0
331,Romance,Spain,0.0842105263158
332,Sci-Fi,Spain,0.0210526315789
333,Short,Spain,0.0
334,Sport,Spain,0.0105263157895
335,Thriller,Spain,0.136842105263
336,War,Spain,0.0421052631579
337,Western,Spain,0.0210526315789
338,Action,Hong Kong,0.241379310345
339,Adventure,Hong Kong,0.0172413793103
340,Animation,Hong Kong,0.0344827586207
341,Biography,Hong Kong,0.0344827586207
342,Comedy,Hong Kong,0.155172413793
343,Crime,Hong Kong,0.0862068965517
344,Documentary,Hong Kong,0.0
345,Drama,Hong Kong,0.103448275862
346,Family,Hong Kong,0.051724137931
347,Fantasy,Hong Kong,0.051724137931
348,Film-Noir,Hong Kong,0.0
349,Game-Show,Hong Kong,0.0
350,History,Hong Kong,0.0344827586207
351,Horror,Hong Kong,0.0
352,Music,Hong Kong,0.0
353,Musical,Hong Kong,0.0
354,Mystery,Hong Kong,0.0
355,News,Hong Kong,0.0
356,Reality-TV,Hong Kong,0.0
357,Romance,Hong Kong,0.051724137931
358,Sci-Fi,Hong Kong,0.0689655172414
359,Short,Hong Kong,0.0
360,Sport,Hong Kong,0.0172413793103
361,Thriller,Hong Kong,0.0344827586207
362,War,Hong Kong,0.0172413793103
363,Western,Hong Kong,0.0
364,Action,Czech Republic,0.0
365,Adventure,Czech Republic,0.0
366,Animation,Czech Republic,0.0
367,Biography,Czech Republic,0.0
368,Comedy,Czech Republic,0.1
369,Crime,Czech Republic,0.1
370,Documentary,Czech Republic,0.0
371,Drama,Czech Republic,0.2
372,Family,Czech Republic,0.0
373,Fantasy,Czech Republic,0.1
374,Film-Noir,Czech Republic,0.0
375,Game-Show,Czech Republic,0.0
376,History,Czech Republic,0.0
377,Horror,Czech Republic,0.1
378,Music,Czech Republic,0.0
379,Musical,Czech Republic,0.0
380,Mystery,Czech Republic,0.0
381,News,Czech Republic,0.0
382,Reality-TV,Czech Republic,0.0
383,Romance,Czech Republic,0.1
384,Sci-Fi,Czech Republic,0.0
385,Short,Czech Republic,0.0
386,Sport,Czech Republic,0.0
387,Thriller,Czech Republic,0.2
388,War,Czech Republic,0.1
389,Western,Czech Republic,0.0
390,Action,India,0.0752688172043
391,Adventure,India,0.0322580645161
392,Animation,India,0.010752688172
393,Biography,India,0.0322580645161
394,Comedy,India,0.150537634409
395,Crime,India,0.010752688172
396,Documentary,India,0.0215053763441
397,Drama,India,0.247311827957
398,Family,India,0.010752688172
399,Fantasy,India,0.010752688172
400,Film-Noir,India,0.0
401,Game-Show,India,0.0
402,History,India,0.0430107526882
403,Horror,India,0.0
404,Music,India,0.0
405,Musical,India,0.0430107526882
406,Mystery,India,0.0
407,News,India,0.0
408,Reality-TV,India,0.0
409,Romance,India,0.193548387097
410,Sci-Fi,India,0.010752688172
411,Short,India,0.0
412,Sport,India,0.0
413,Thriller,India,0.0752688172043
414,War,India,0.0322580645161
415,Western,India,0.0
416,Action,Soviet Union,0.0
417,Adventure,Soviet Union,0.0
418,Animation,Soviet Union,0.0
419,Biography,Soviet Union,0.0
420,Comedy,Soviet Union,0.0
421,Crime,Soviet Union,0.0
422,Documentary,Soviet Union,0.0
423,Drama,Soviet Union,0.333333333333
424,Family,Soviet Union,0.0
425,Fantasy,Soviet Union,0.0
426,Film-Noir,Soviet Union,0.0
427,Game-Show,Soviet Union,0.0
428,History,Soviet Union,0.0
429,Horror,Soviet Union,0.0
430,Music,Soviet Union,0.0
431,Musical,Soviet Union,0.0
432,Mystery,Soviet Union,0.333333333333
433,News,Soviet Union,0.0
434,Reality-TV,Soviet Union,0.0
435,Romance,Soviet Union,0.0
436,Sci-Fi,Soviet Union,0.333333333333
437,Short,Soviet Union,0.0
438,Sport,Soviet Union,0.0
439,Thriller,Soviet Union,0.0
440,War,Soviet Union,0.0
441,Western,Soviet Union,0.0
442,Action,South Korea,0.155555555556
443,Adventure,South Korea,0.0444444444444
444,Animation,South Korea,0.0222222222222
445,Biography,South Korea,0.0
446,Comedy,South Korea,0.0888888888889
447,Crime,South Korea,0.0222222222222
448,Documentary,South Korea,0.0
449,Drama,South Korea,0.222222222222
450,Family,South Korea,0.0
451,Fantasy,South Korea,0.0444444444444
452,Film-Noir,South Korea,0.0
453,Game-Show,South Korea,0.0
454,History,South Korea,0.0444444444444
455,Horror,South Korea,0.0666666666667
456,Music,South Korea,0.0
457,Musical,South Korea,0.0
458,Mystery,South Korea,0.0444444444444
459,News,South Korea,0.0
460,Reality-TV,South Korea,0.0
461,Romance,South Korea,0.0
462,Sci-Fi,South Korea,0.0444444444444
463,Short,South Korea,0.0
464,Sport,South Korea,0.0
465,Thriller,South Korea,0.111111111111
466,War,South Korea,0.0666666666667
467,Western,South Korea,0.0222222222222
468,Action,Peru,0.2
469,Adventure,Peru,0.0
470,Animation,Peru,0.0
471,Biography,Peru,0.0
472,Comedy,Peru,0.0
473,Crime,Peru,0.2
474,Documentary,Peru,0.0
475,Drama,Peru,0.2
476,Family,Peru,0.0
477,Fantasy,Peru,0.0
478,Film-Noir,Peru,0.0
479,Game-Show,Peru,0.0
480,History,Peru,0.0
481,Horror,Peru,0.0
482,Music,Peru,0.0
483,Musical,Peru,0.0
484,Mystery,Peru,0.0
485,News,Peru,0.0
486,Reality-TV,Peru,0.0
487,Romance,Peru,0.2
488,Sci-Fi,Peru,0.0
489,Short,Peru,0.0
490,Sport,Peru,0.0
491,Thriller,Peru,0.2
492,War,Peru,0.0
493,Western,Peru,0.0
494,Action,Italy,0.037037037037
495,Adventure,Italy,0.037037037037
496,Animation,Italy,0.0
497,Biography,Italy,0.0185185185185
498,Comedy,Italy,0.111111111111
499,Crime,Italy,0.12962962963
500,Documentary,Italy,0.0
501,Drama,Italy,0.277777777778
502,Family,Italy,0.0
503,Fantasy,Italy,0.0
504,Film-Noir,Italy,0.0
505,Game-Show,Italy,0.0
506,History,Italy,0.037037037037
507,Horror,Italy,0.0555555555556
508,Music,Italy,0.0
509,Musical,Italy,0.0
510,Mystery,Italy,0.037037037037
511,News,Italy,0.0
512,Reality-TV,Italy,0.0
513,Romance,Italy,0.111111111111
514,Sci-Fi,Italy,0.0
515,Short,Italy,0.0
516,Sport,Italy,0.0
517,Thriller,Italy,0.0555555555556
518,War,Italy,0.037037037037
519,Western,Italy,0.0555555555556
520,Action,Russia,0.0571428571429
521,Adventure,Russia,0.2
522,Animation,Russia,0.0857142857143
523,Biography,Russia,0.0285714285714
524,Comedy,Russia,0.0571428571429
525,Crime,Russia,0.0285714285714
526,Documentary,Russia,0.0
527,Drama,Russia,0.114285714286
528,Family,Russia,0.0571428571429
529,Fantasy,Russia,0.0857142857143
530,Film-Noir,Russia,0.0
531,Game-Show,Russia,0.0
532,History,Russia,0.0285714285714
533,Horror,Russia,0.0
534,Music,Russia,0.0
535,Musical,Russia,0.0
536,Mystery,Russia,0.0571428571429
537,News,Russia,0.0
538,Reality-TV,Russia,0.0
539,Romance,Russia,0.0
540,Sci-Fi,Russia,0.0571428571429
541,Short,Russia,0.0
542,Sport,Russia,0.0
543,Thriller,Russia,0.114285714286
544,War,Russia,0.0285714285714
545,Western,Russia,0.0
546,Action,Aruba,0.333333333333
547,Adventure,Aruba,0.0
548,Animation,Aruba,0.0
549,Biography,Aruba,0.0
550,Comedy,Aruba,0.333333333333
551,Crime,Aruba,0.0
552,Documentary,Aruba,0.0
553,Drama,Aruba,0.0
554,Family,Aruba,0.0
555,Fantasy,Aruba,0.0
556,Film-Noir,Aruba,0.0
557,Game-Show,Aruba,0.0
558,History,Aruba,0.0
559,Horror,Aruba,0.0
560,Music,Aruba,0.0
561,Musical,Aruba,0.0
562,Mystery,Aruba,0.0
563,News,Aruba,0.0
564,Reality-TV,Aruba,0.0
565,Romance,Aruba,0.0
566,Sci-Fi,Aruba,0.0
567,Short,Aruba,0.0
568,Sport,Aruba,0.0
569,Thriller,Aruba,0.333333333333
570,War,Aruba,0.0
571,Western,Aruba,0.0
572,Action,Denmark,0.0769230769231
573,Adventure,Denmark,0.0384615384615
574,Animation,Denmark,0.0384615384615
575,Biography,Denmark,0.0
576,Comedy,Denmark,0.0384615384615
577,Crime,Denmark,0.0769230769231
578,Documentary,Denmark,0.0384615384615
579,Drama,Denmark,0.346153846154
580,Family,Denmark,0.0
581,Fantasy,Denmark,0.0384615384615
582,Film-Noir,Denmark,0.0
583,Game-Show,Denmark,0.0
584,History,Denmark,0.0384615384615
585,Horror,Denmark,0.0
586,Music,Denmark,0.0
587,Musical,Denmark,0.0384615384615
588,Mystery,Denmark,0.0
589,News,Denmark,0.0
590,Reality-TV,Denmark,0.0
591,Romance,Denmark,0.0
592,Sci-Fi,Denmark,0.115384615385
593,Short,Denmark,0.0
594,Sport,Denmark,0.0
595,Thriller,Denmark,0.0769230769231
596,War,Denmark,0.0384615384615
597,Western,Denmark,0.0
598,Action,Libya,0.0
599,Adventure,Libya,0.0
600,Animation,Libya,0.0
601,Biography,Libya,0.25
602,Comedy,Libya,0.0
603,Crime,Libya,0.0
604,Documentary,Libya,0.0
605,Drama,Libya,0.25
606,Family,Libya,0.0
607,Fantasy,Libya,0.0
608,Film-Noir,Libya,0.0
609,Game-Show,Libya,0.0
610,History,Libya,0.25
611,Horror,Libya,0.0
612,Music,Libya,0.0
613,Musical,Libya,0.0
614,Mystery,Libya,0.0
615,News,Libya,0.0
616,Reality-TV,Libya,0.0
617,Romance,Libya,0.0
618,Sci-Fi,Libya,0.0
619,Short,Libya,0.0
620,Sport,Libya,0.0
621,Thriller,Libya,0.0
622,War,Libya,0.25
623,Western,Libya,0.0
624,Action,Ireland,0.0625
625,Adventure,Ireland,0.0
626,Animation,Ireland,0.0
627,Biography,Ireland,0.03125
628,Comedy,Ireland,0.125
629,Crime,Ireland,0.09375
630,Documentary,Ireland,0.0
631,Drama,Ireland,0.21875
632,Family,Ireland,0.0
633,Fantasy,Ireland,0.0
634,Film-Noir,Ireland,0.0
635,Game-Show,Ireland,0.0
636,History,Ireland,0.0
637,Horror,Ireland,0.09375
638,Music,Ireland,0.03125
639,Musical,Ireland,0.0
640,Mystery,Ireland,0.03125
641,News,Ireland,0.0
642,Reality-TV,Ireland,0.0
643,Romance,Ireland,0.15625
644,Sci-Fi,Ireland,0.0
645,Short,Ireland,0.0
646,Sport,Ireland,0.0
647,Thriller,Ireland,0.125
648,War,Ireland,0.03125
649,Western,Ireland,0.0
650,Action,South Africa,0.0833333333333
651,Adventure,South Africa,0.125
652,Animation,South Africa,0.0833333333333
653,Biography,South Africa,0.0833333333333
654,Comedy,South Africa,0.0416666666667
655,Crime,South Africa,0.0416666666667
656,Documentary,South Africa,0.0
657,Drama,South Africa,0.208333333333
658,Family,South Africa,0.0833333333333
659,Fantasy,South Africa,0.0
660,Film-Noir,South Africa,0.0
661,Game-Show,South Africa,0.0
662,History,South Africa,0.0416666666667
663,Horror,South Africa,0.0
664,Music,South Africa,0.0
665,Musical,South Africa,0.0
666,Mystery,South Africa,0.0
667,News,South Africa,0.0
668,Reality-TV,South Africa,0.0
669,Romance,South Africa,0.0833333333333
670,Sci-Fi,South Africa,0.0833333333333
671,Short,South Africa,0.0
672,Sport,South Africa,0.0
673,Thriller,South Africa,0.0416666666667
674,War,South Africa,0.0
675,Western,South Africa,0.0
676,Action,Iceland,0.0
677,Adventure,Iceland,0.0
678,Animation,Iceland,0.0
679,Biography,Iceland,0.0
680,Comedy,Iceland,0.142857142857
681,Crime,Iceland,0.142857142857
682,Documentary,Iceland,0.0
683,Drama,Iceland,0.428571428571
684,Family,Iceland,0.0
685,Fantasy,Iceland,0.0
686,Film-Noir,Iceland,0.0
687,Game-Show,Iceland,0.0
688,History,Iceland,0.0
689,Horror,Iceland,0.0
690,Music,Iceland,0.0
691,Musical,Iceland,0.0
692,Mystery,Iceland,0.0
693,News,Iceland,0.0
694,Reality-TV,Iceland,0.0
695,Romance,Iceland,0.142857142857
696,Sci-Fi,Iceland,0.0
697,Short,Iceland,0.0
698,Sport,Iceland,0.0
699,Thriller,Iceland,0.142857142857
700,War,Iceland,0.0
701,Western,Iceland,0.0
702,Action,Switzerland,0.0
703,Adventure,Switzerland,0.0
704,Animation,Switzerland,0.0
705,Biography,Switzerland,0.111111111111
706,Comedy,Switzerland,0.111111111111
707,Crime,Switzerland,0.0
708,Documentary,Switzerland,0.0
709,Drama,Switzerland,0.111111111111
710,Family,Switzerland,0.0
711,Fantasy,Switzerland,0.0
712,Film-Noir,Switzerland,0.0
713,Game-Show,Switzerland,0.0
714,History,Switzerland,0.0
715,Horror,Switzerland,0.0
716,Music,Switzerland,0.111111111111
717,Musical,Switzerland,0.0
718,Mystery,Switzerland,0.111111111111
719,News,Switzerland,0.0
720,Reality-TV,Switzerland,0.0
721,Romance,Switzerland,0.222222222222
722,Sci-Fi,Switzerland,0.111111111111
723,Short,Switzerland,0.0
724,Sport,Switzerland,0.0
725,Thriller,Switzerland,0.111111111111
726,War,Switzerland,0.0
727,Western,Switzerland,0.0
728,Action,Romania,0.0
729,Adventure,Romania,0.0
730,Animation,Romania,0.0
731,Biography,Romania,0.0
732,Comedy,Romania,0.25
733,Crime,Romania,0.0
734,Documentary,Romania,0.0
735,Drama,Romania,0.375
736,Family,Romania,0.0
737,Fantasy,Romania,0.125
738,Film-Noir,Romania,0.0
739,Game-Show,Romania,0.0
740,History,Romania,0.0
741,Horror,Romania,0.125
742,Music,Romania,0.0
743,Musical,Romania,0.0
744,Mystery,Romania,0.0
745,News,Romania,0.0
746,Reality-TV,Romania,0.0
747,Romance,Romania,0.0
748,Sci-Fi,Romania,0.0
749,Short,Romania,0.0
750,Sport,Romania,0.0
751,Thriller,Romania,0.125
752,War,Romania,0.0
753,Western,Romania,0.0
754,Action,West Germany,0.0
755,Adventure,West Germany,0.2
756,Animation,West Germany,0.0
757,Biography,West Germany,0.0
758,Comedy,West Germany,0.0
759,Crime,West Germany,0.0
760,Documentary,West Germany,0.0
761,Drama,West Germany,0.2
762,Family,West Germany,0.1
763,Fantasy,West Germany,0.1
764,Film-Noir,West Germany,0.0
765,Game-Show,West Germany,0.0
766,History,West Germany,0.0
767,Horror,West Germany,0.1
768,Music,West Germany,0.0
769,Musical,West Germany,0.0
770,Mystery,West Germany,0.1
771,News,West Germany,0.0
772,Reality-TV,West Germany,0.0
773,Romance,West Germany,0.0
774,Sci-Fi,West Germany,0.0
775,Short,West Germany,0.0
776,Sport,West Germany,0.0
777,Thriller,West Germany,0.1
778,War,West Germany,0.1
779,Western,West Germany,0.0
780,Action,Chile,0.0
781,Adventure,Chile,0.0
782,Animation,Chile,0.0
783,Biography,Chile,0.333333333333
784,Comedy,Chile,0.0
785,Crime,Chile,0.0
786,Documentary,Chile,0.0
787,Drama,Chile,0.333333333333
788,Family,Chile,0.0
789,Fantasy,Chile,0.0
790,Film-Noir,Chile,0.0
791,Game-Show,Chile,0.0
792,History,Chile,0.333333333333
793,Horror,Chile,0.0
794,Music,Chile,0.0
795,Musical,Chile,0.0
796,Mystery,Chile,0.0
797,News,Chile,0.0
798,Reality-TV,Chile,0.0
799,Romance,Chile,0.0
800,Sci-Fi,Chile,0.0
801,Short,Chile,0.0
802,Sport,Chile,0.0
803,Thriller,Chile,0.0
804,War,Chile,0.0
805,Western,Chile,0.0
806,Action,Netherlands,0.0714285714286
807,Adventure,Netherlands,0.0714285714286
808,Animation,Netherlands,0.0
809,Biography,Netherlands,0.0
810,Comedy,Netherlands,0.0714285714286
811,Crime,Netherlands,0.0714285714286
812,Documentary,Netherlands,0.0
813,Drama,Netherlands,0.285714285714
814,Family,Netherlands,0.0
815,Fantasy,Netherlands,0.0714285714286
816,Film-Noir,Netherlands,0.0
817,Game-Show,Netherlands,0.0
818,History,Netherlands,0.0714285714286
819,Horror,Netherlands,0.0
820,Music,Netherlands,0.0
821,Musical,Netherlands,0.0
822,Mystery,Netherlands,0.0714285714286
823,News,Netherlands,0.0
824,Reality-TV,Netherlands,0.0
825,Romance,Netherlands,0.0
826,Sci-Fi,Netherlands,0.0
827,Short,Netherlands,0.0
828,Sport,Netherlands,0.0
829,Thriller,Netherlands,0.0714285714286
830,War,Netherlands,0.142857142857
831,Western,Netherlands,0.0
832,Action,Hungary,0.0
833,Adventure,Hungary,0.142857142857
834,Animation,Hungary,0.0
835,Biography,Hungary,0.0
836,Comedy,Hungary,0.142857142857
837,Crime,Hungary,0.0
838,Documentary,Hungary,0.0
839,Drama,Hungary,0.142857142857
840,Family,Hungary,0.142857142857
841,Fantasy,Hungary,0.0
842,Film-Noir,Hungary,0.0
843,Game-Show,Hungary,0.0
844,History,Hungary,0.0
845,Horror,Hungary,0.0
846,Music,Hungary,0.0
847,Musical,Hungary,0.0
848,Mystery,Hungary,0.0
849,News,Hungary,0.0
850,Reality-TV,Hungary,0.0
851,Romance,Hungary,0.285714285714
852,Sci-Fi,Hungary,0.0
853,Short,Hungary,0.0
854,Sport,Hungary,0.0
855,Thriller,Hungary,0.0
856,War,Hungary,0.142857142857
857,Western,Hungary,0.0
858,Action,Panama,0.25
859,Adventure,Panama,0.0
860,Animation,Panama,0.0
861,Biography,Panama,0.25
862,Comedy,Panama,0.0
863,Crime,Panama,0.0
864,Documentary,Panama,0.0
865,Drama,Panama,0.25
866,Family,Panama,0.0
867,Fantasy,Panama,0.0
868,Film-Noir,Panama,0.0
869,Game-Show,Panama,0.0
870,History,Panama,0.0
871,Horror,Panama,0.0
872,Music,Panama,0.0
873,Musical,Panama,0.0
874,Mystery,Panama,0.0
875,News,Panama,0.0
876,Reality-TV,Panama,0.0
877,Romance,Panama,0.0
878,Sci-Fi,Panama,0.0
879,Short,Panama,0.0
880,Sport,Panama,0.25
881,Thriller,Panama,0.0
882,War,Panama,0.0
883,Western,Panama,0.0
884,Action,Greece,0.0
885,Adventure,Greece,0.166666666667
886,Animation,Greece,0.0
887,Biography,Greece,0.0
888,Comedy,Greece,0.0
889,Crime,Greece,0.0
890,Documentary,Greece,0.0
891,Drama,Greece,0.333333333333
892,Family,Greece,0.0
893,Fantasy,Greece,0.0
894,Film-Noir,Greece,0.0
895,Game-Show,Greece,0.0
896,History,Greece,0.0
897,Horror,Greece,0.0
898,Music,Greece,0.0
899,Musical,Greece,0.0
900,Mystery,Greece,0.0
901,News,Greece,0.0
902,Reality-TV,Greece,0.0
903,Romance,Greece,0.0
904,Sci-Fi,Greece,0.166666666667
905,Short,Greece,0.0
906,Sport,Greece,0.0
907,Thriller,Greece,0.333333333333
908,War,Greece,0.0
909,Western,Greece,0.0
910,Action,Sweden,0.15
911,Adventure,Sweden,0.05
912,Animation,Sweden,0.0
913,Biography,Sweden,0.0
914,Comedy,Sweden,0.05
915,Crime,Sweden,0.15
916,Documentary,Sweden,0.0
917,Drama,Sweden,0.25
918,Family,Sweden,0.0
919,Fantasy,Sweden,0.0
920,Film-Noir,Sweden,0.0
921,Game-Show,Sweden,0.0
922,History,Sweden,0.0
923,Horror,Sweden,0.0
924,Music,Sweden,0.05
925,Musical,Sweden,0.0
926,Mystery,Sweden,0.05
927,News,Sweden,0.0
928,Reality-TV,Sweden,0.0
929,Romance,Sweden,0.1
930,Sci-Fi,Sweden,0.0
931,Short,Sweden,0.0
932,Sport,Sweden,0.0
933,Thriller,Sweden,0.1
934,War,Sweden,0.05
935,Western,Sweden,0.0
936,Action,Norway,0.0
937,Adventure,Norway,0.0526315789474
938,Animation,Norway,0.0
939,Biography,Norway,0.0
940,Comedy,Norway,0.210526315789
941,Crime,Norway,0.105263157895
942,Documentary,Norway,0.0
943,Drama,Norway,0.315789473684
944,Family,Norway,0.0526315789474
945,Fantasy,Norway,0.0526315789474
946,Film-Noir,Norway,0.0
947,Game-Show,Norway,0.0
948,History,Norway,0.0
949,Horror,Norway,0.105263157895
950,Music,Norway,0.0
951,Musical,Norway,0.0
952,Mystery,Norway,0.0
953,News,Norway,0.0
954,Reality-TV,Norway,0.0
955,Romance,Norway,0.0526315789474
956,Sci-Fi,Norway,0.0
957,Short,Norway,0.0
958,Sport,Norway,0.0
959,Thriller,Norway,0.0526315789474
960,War,Norway,0.0
961,Western,Norway,0.0
962,Action,Taiwan,0.4
963,Adventure,Taiwan,0.0
964,Animation,Taiwan,0.0
965,Biography,Taiwan,0.0
966,Comedy,Taiwan,0.0
967,Crime,Taiwan,0.0
968,Documentary,Taiwan,0.0
969,Drama,Taiwan,0.4
970,Family,Taiwan,0.0
971,Fantasy,Taiwan,0.0
972,Film-Noir,Taiwan,0.0
973,Game-Show,Taiwan,0.0
974,History,Taiwan,0.0
975,Horror,Taiwan,0.0
976,Music,Taiwan,0.0
977,Musical,Taiwan,0.0
978,Mystery,Taiwan,0.0
979,News,Taiwan,0.0
980,Reality-TV,Taiwan,0.0
981,Romance,Taiwan,0.2
982,Sci-Fi,Taiwan,0.0
983,Short,Taiwan,0.0
984,Sport,Taiwan,0.0
985,Thriller,Taiwan,0.0
986,War,Taiwan,0.0
987,Western,Taiwan,0.0
988,Action,Official site,0.0
989,Adventure,Official site,0.0
990,Animation,Official site,0.0
991,Biography,Official site,0.0
992,Comedy,Official site,0.0
993,Crime,Official site,0.0
994,Documentary,Official site,0.0
995,Drama,Official site,0.5
996,Family,Official site,0.0
997,Fantasy,Official site,0.0
998,Film-Noir,Official site,0.0
999,Game-Show,Official site,0.0
1000,History,Official site,0.0
1001,Horror,Official site,0.0
1002,Music,Official site,0.5
1003,Musical,Official site,0.0
1004,Mystery,Official site,0.0
1005,News,Official site,0.0
1006,Reality-TV,Official site,0.0
1007,Romance,Official site,0.0
1008,Sci-Fi,Official site,0.0
1009,Short,Official site,0.0
1010,Sport,Official site,0.0
1011,Thriller,Official site,0.0
1012,War,Official site,0.0
1013,Western,Official site,0.0
1014,Action,Cambodia,0.0
1015,Adventure,Cambodia,0.0
1016,Animation,Cambodia,0.0
1017,Biography,Cambodia,0.0
1018,Comedy,Cambodia,0.0
1019,Crime,Cambodia,0.0
1020,Documentary,Cambodia,0.0
1021,Drama,Cambodia,0.333333333333
1022,Family,Cambodia,0.0
1023,Fantasy,Cambodia,0.0
1024,Film-Noir,Cambodia,0.0
1025,Game-Show,Cambodia,0.0
1026,History,Cambodia,0.0
1027,Horror,Cambodia,0.0
1028,Music,Cambodia,0.0
1029,Musical,Cambodia,0.0
1030,Mystery,Cambodia,0.0
1031,News,Cambodia,0.0
1032,Reality-TV,Cambodia,0.0
1033,Romance,Cambodia,0.0
1034,Sci-Fi,Cambodia,0.333333333333
1035,Short,Cambodia,0.0
1036,Sport,Cambodia,0.0
1037,Thriller,Cambodia,0.333333333333
1038,War,Cambodia,0.0
1039,Western,Cambodia,0.0
1040,Action,Thailand,0.25
1041,Adventure,Thailand,0.125
1042,Animation,Thailand,0.0
1043,Biography,Thailand,0.0
1044,Comedy,Thailand,0.0
1045,Crime,Thailand,0.125
1046,Documentary,Thailand,0.0
1047,Drama,Thailand,0.125
1048,Family,Thailand,0.0625
1049,Fantasy,Thailand,0.0625
1050,Film-Noir,Thailand,0.0
1051,Game-Show,Thailand,0.0
1052,History,Thailand,0.0625
1053,Horror,Thailand,0.0
1054,Music,Thailand,0.0
1055,Musical,Thailand,0.0
1056,Mystery,Thailand,0.0
1057,News,Thailand,0.0
1058,Reality-TV,Thailand,0.0
1059,Romance,Thailand,0.0
1060,Sci-Fi,Thailand,0.0
1061,Short,Thailand,0.0
1062,Sport,Thailand,0.0
1063,Thriller,Thailand,0.125
1064,War,Thailand,0.0625
1065,Western,Thailand,0.0
1066,Action,Slovakia,0.0
1067,Adventure,Slovakia,0.0
1068,Animation,Slovakia,0.0
1069,Biography,Slovakia,0.25
1070,Comedy,Slovakia,0.0
1071,Crime,Slovakia,0.0
1072,Documentary,Slovakia,0.0
1073,Drama,Slovakia,0.25
1074,Family,Slovakia,0.0
1075,Fantasy,Slovakia,0.25
1076,Film-Noir,Slovakia,0.0
1077,Game-Show,Slovakia,0.0
1078,History,Slovakia,0.25
1079,Horror,Slovakia,0.0
1080,Music,Slovakia,0.0
1081,Musical,Slovakia,0.0
1082,Mystery,Slovakia,0.0
1083,News,Slovakia,0.0
1084,Reality-TV,Slovakia,0.0
1085,Romance,Slovakia,0.0
1086,Sci-Fi,Slovakia,0.0
1087,Short,Slovakia,0.0
1088,Sport,Slovakia,0.0
1089,Thriller,Slovakia,0.0
1090,War,Slovakia,0.0
1091,Western,Slovakia,0.0
1092,Action,Bulgaria,0.333333333333
1093,Adventure,Bulgaria,0.0
1094,Animation,Bulgaria,0.0
1095,Biography,Bulgaria,0.0
1096,Comedy,Bulgaria,0.0
1097,Crime,Bulgaria,0.0
1098,Documentary,Bulgaria,0.0
1099,Drama,Bulgaria,0.0
1100,Family,Bulgaria,0.0
1101,Fantasy,Bulgaria,0.0
1102,Film-Noir,Bulgaria,0.0
1103,Game-Show,Bulgaria,0.0
1104,History,Bulgaria,0.0
1105,Horror,Bulgaria,0.0
1106,Music,Bulgaria,0.0
1107,Musical,Bulgaria,0.0
1108,Mystery,Bulgaria,0.0
1109,News,Bulgaria,0.0
1110,Reality-TV,Bulgaria,0.0
1111,Romance,Bulgaria,0.0
1112,Sci-Fi,Bulgaria,0.333333333333
1113,Short,Bulgaria,0.0
1114,Sport,Bulgaria,0.0
1115,Thriller,Bulgaria,0.333333333333
1116,War,Bulgaria,0.0
1117,Western,Bulgaria,0.0
1118,Action,Iran,0.125
1119,Adventure,Iran,0.125
1120,Animation,Iran,0.0
1121,Biography,Iran,0.0
1122,Comedy,Iran,0.0
1123,Crime,Iran,0.0
1124,Documentary,Iran,0.0
1125,Drama,Iran,0.375
1126,Family,Iran,0.125
1127,Fantasy,Iran,0.0
1128,Film-Noir,Iran,0.0
1129,Game-Show,Iran,0.0
1130,History,Iran,0.125
1131,Horror,Iran,0.0
1132,Music,Iran,0.0
1133,Musical,Iran,0.0
1134,Mystery,Iran,0.125
1135,News,Iran,0.0
1136,Reality-TV,Iran,0.0
1137,Romance,Iran,0.0
1138,Sci-Fi,Iran,0.0
1139,Short,Iran,0.0
1140,Sport,Iran,0.0
1141,Thriller,Iran,0.0
1142,War,Iran,0.0
1143,Western,Iran,0.0
1144,Action,Poland,0.0909090909091
1145,Adventure,Poland,0.0
1146,Animation,Poland,0.0
1147,Biography,Poland,0.0
1148,Comedy,Poland,0.0
1149,Crime,Poland,0.0909090909091
1150,Documentary,Poland,0.0
1151,Drama,Poland,0.454545454545
1152,Family,Poland,0.0
1153,Fantasy,Poland,0.0
1154,Film-Noir,Poland,0.0
1155,Game-Show,Poland,0.0
1156,History,Poland,0.0
1157,Horror,Poland,0.0909090909091
1158,Music,Poland,0.0
1159,Musical,Poland,0.0
1160,Mystery,Poland,0.0909090909091
1161,News,Poland,0.0
1162,Reality-TV,Poland,0.0
1163,Romance,Poland,0.0
1164,Sci-Fi,Poland,0.0
1165,Short,Poland,0.0
1166,Sport,Poland,0.0
1167,Thriller,Poland,0.181818181818
1168,War,Poland,0.0
1169,Western,Poland,0.0
1170,Action,Georgia,0.333333333333
1171,Adventure,Georgia,0.0
1172,Animation,Georgia,0.0
1173,Biography,Georgia,0.0
1174,Comedy,Georgia,0.0
1175,Crime,Georgia,0.0
1176,Documentary,Georgia,0.0
1177,Drama,Georgia,0.333333333333
1178,Family,Georgia,0.0
1179,Fantasy,Georgia,0.0
1180,Film-Noir,Georgia,0.0
1181,Game-Show,Georgia,0.0
1182,History,Georgia,0.0
1183,Horror,Georgia,0.0
1184,Music,Georgia,0.0
1185,Musical,Georgia,0.0
1186,Mystery,Georgia,0.0
1187,News,Georgia,0.0
1188,Reality-TV,Georgia,0.0
1189,Romance,Georgia,0.0
1190,Sci-Fi,Georgia,0.0
1191,Short,Georgia,0.0
1192,Sport,Georgia,0.0
1193,Thriller,Georgia,0.0
1194,War,Georgia,0.333333333333
1195,Western,Georgia,0.0
1196,Action,Turkey,0.5
1197,Adventure,Turkey,0.5
1198,Animation,Turkey,0.0
1199,Biography,Turkey,0.0
1200,Comedy,Turkey,0.0
1201,Crime,Turkey,0.0
1202,Documentary,Turkey,0.0
1203,Drama,Turkey,0.0
1204,Family,Turkey,0.0
1205,Fantasy,Turkey,0.0
1206,Film-Noir,Turkey,0.0
1207,Game-Show,Turkey,0.0
1208,History,Turkey,0.0
1209,Horror,Turkey,0.0
1210,Music,Turkey,0.0
1211,Musical,Turkey,0.0
1212,Mystery,Turkey,0.0
1213,News,Turkey,0.0
1214,Reality-TV,Turkey,0.0
1215,Romance,Turkey,0.0
1216,Sci-Fi,Turkey,0.0
1217,Short,Turkey,0.0
1218,Sport,Turkey,0.0
1219,Thriller,Turkey,0.0
1220,War,Turkey,0.0
1221,Western,Turkey,0.0
1222,Action,Nigeria,0.25
1223,Adventure,Nigeria,0.0
1224,Animation,Nigeria,0.0
1225,Biography,Nigeria,0.0
1226,Comedy,Nigeria,0.0
1227,Crime,Nigeria,0.25
1228,Documentary,Nigeria,0.0
1229,Drama,Nigeria,0.25
1230,Family,Nigeria,0.0
1231,Fantasy,Nigeria,0.0
1232,Film-Noir,Nigeria,0.0
1233,Game-Show,Nigeria,0.0
1234,History,Nigeria,0.0
1235,Horror,Nigeria,0.0
1236,Music,Nigeria,0.0
1237,Musical,Nigeria,0.0
1238,Mystery,Nigeria,0.0
1239,News,Nigeria,0.0
1240,Reality-TV,Nigeria,0.0
1241,Romance,Nigeria,0.0
1242,Sci-Fi,Nigeria,0.0
1243,Short,Nigeria,0.0
1244,Sport,Nigeria,0.0
1245,Thriller,Nigeria,0.25
1246,War,Nigeria,0.0
1247,Western,Nigeria,0.0
1248,Action,Brazil,0.117647058824
1249,Adventure,Brazil,0.0
1250,Animation,Brazil,0.0
1251,Biography,Brazil,0.0
1252,Comedy,Brazil,0.117647058824
1253,Crime,Brazil,0.117647058824
1254,Documentary,Brazil,0.0
1255,Drama,Brazil,0.470588235294
1256,Family,Brazil,0.0
1257,Fantasy,Brazil,0.0
1258,Film-Noir,Brazil,0.0
1259,Game-Show,Brazil,0.0
1260,History,Brazil,0.0
1261,Horror,Brazil,0.0
1262,Music,Brazil,0.0
1263,Musical,Brazil,0.0
1264,Mystery,Brazil,0.0
1265,News,Brazil,0.0
1266,Reality-TV,Brazil,0.0
1267,Romance,Brazil,0.0588235294118
1268,Sci-Fi,Brazil,0.0
1269,Short,Brazil,0.0
1270,Sport,Brazil,0.0
1271,Thriller,Brazil,0.117647058824
1272,War,Brazil,0.0
1273,Western,Brazil,0.0
1274,Action,Finland,0.0
1275,Adventure,Finland,0.0
1276,Animation,Finland,0.0
1277,Biography,Finland,0.0
1278,Comedy,Finland,0.5
1279,Crime,Finland,0.0
1280,Documentary,Finland,0.0
1281,Drama,Finland,0.5
1282,Family,Finland,0.0
1283,Fantasy,Finland,0.0
1284,Film-Noir,Finland,0.0
1285,Game-Show,Finland,0.0
1286,History,Finland,0.0
1287,Horror,Finland,0.0
1288,Music,Finland,0.0
1289,Musical,Finland,0.0
1290,Mystery,Finland,0.0
1291,News,Finland,0.0
1292,Reality-TV,Finland,0.0
1293,Romance,Finland,0.0
1294,Sci-Fi,Finland,0.0
1295,Short,Finland,0.0
1296,Sport,Finland,0.0
1297,Thriller,Finland,0.0
1298,War,Finland,0.0
1299,Western,Finland,0.0
1300,Action,Bahamas,0.0
1301,Adventure,Bahamas,0.0
1302,Animation,Bahamas,0.0
1303,Biography,Bahamas,0.0
1304,Comedy,Bahamas,0.0
1305,Crime,Bahamas,0.0
1306,Documentary,Bahamas,0.0
1307,Drama,Bahamas,0.5
1308,Family,Bahamas,0.0
1309,Fantasy,Bahamas,0.0
1310,Film-Noir,Bahamas,0.0
1311,Game-Show,Bahamas,0.0
1312,History,Bahamas,0.0
1313,Horror,Bahamas,0.0
1314,Music,Bahamas,0.0
1315,Musical,Bahamas,0.0
1316,Mystery,Bahamas,0.0
1317,News,Bahamas,0.0
1318,Reality-TV,Bahamas,0.0
1319,Romance,Bahamas,0.0
1320,Sci-Fi,Bahamas,0.0
1321,Short,Bahamas,0.0
1322,Sport,Bahamas,0.0
1323,Thriller,Bahamas,0.5
1324,War,Bahamas,0.0
1325,Western,Bahamas,0.0
1326,Action,Argentina,0.0
1327,Adventure,Argentina,0.0
1328,Animation,Argentina,0.0
1329,Biography,Argentina,0.0
1330,Comedy,Argentina,0.0
1331,Crime,Argentina,0.125
1332,Documentary,Argentina,0.0
1333,Drama,Argentina,0.5
1334,Family,Argentina,0.0
1335,Fantasy,Argentina,0.0
1336,Film-Noir,Argentina,0.0
1337,Game-Show,Argentina,0.0
1338,History,Argentina,0.0
1339,Horror,Argentina,0.0
1340,Music,Argentina,0.0
1341,Musical,Argentina,0.0
1342,Mystery,Argentina,0.125
1343,News,Argentina,0.0
1344,Reality-TV,Argentina,0.0
1345,Romance,Argentina,0.0
1346,Sci-Fi,Argentina,0.0
1347,Short,Argentina,0.0
1348,Sport,Argentina,0.0
1349,Thriller,Argentina,0.25
1350,War,Argentina,0.0
1351,Western,Argentina,0.0
1352,Action,Colombia,0.0
1353,Adventure,Colombia,0.0
1354,Animation,Colombia,0.0
1355,Biography,Colombia,0.0
1356,Comedy,Colombia,0.0
1357,Crime,Colombia,0.5
1358,Documentary,Colombia,0.0
1359,Drama,Colombia,0.5
1360,Family,Colombia,0.0
1361,Fantasy,Colombia,0.0
1362,Film-Noir,Colombia,0.0
1363,Game-Show,Colombia,0.0
1364,History,Colombia,0.0
1365,Horror,Colombia,0.0
1366,Music,Colombia,0.0
1367,Musical,Colombia,0.0
1368,Mystery,Colombia,0.0
1369,News,Colombia,0.0
1370,Reality-TV,Colombia,0.0
1371,Romance,Colombia,0.0
1372,Sci-Fi,Colombia,0.0
1373,Short,Colombia,0.0
1374,Sport,Colombia,0.0
1375,Thriller,Colombia,0.0
1376,War,Colombia,0.0
1377,Western,Colombia,0.0
1378,Action,Israel,0.0
1379,Adventure,Israel,0.0
1380,Animation,Israel,0.0769230769231
1381,Biography,Israel,0.0769230769231
1382,Comedy,Israel,0.0769230769231
1383,Crime,Israel,0.0
1384,Documentary,Israel,0.230769230769
1385,Drama,Israel,0.153846153846
1386,Family,Israel,0.0
1387,Fantasy,Israel,0.0
1388,Film-Noir,Israel,0.0
1389,Game-Show,Israel,0.0
1390,History,Israel,0.153846153846
1391,Horror,Israel,0.0
1392,Music,Israel,0.0
1393,Musical,Israel,0.0
1394,Mystery,Israel,0.0
1395,News,Israel,0.0
1396,Reality-TV,Israel,0.0
1397,Romance,Israel,0.0769230769231
1398,Sci-Fi,Israel,0.0
1399,Short,Israel,0.0
1400,Sport,Israel,0.0
1401,Thriller,Israel,0.0
1402,War,Israel,0.153846153846
1403,Western,Israel,0.0
1404,Action,Egypt,0.0
1405,Adventure,Egypt,0.0
1406,Animation,Egypt,0.0
1407,Biography,Egypt,0.0
1408,Comedy,Egypt,0.0
1409,Crime,Egypt,0.0
1410,Documentary,Egypt,0.25
1411,Drama,Egypt,0.25
1412,Family,Egypt,0.0
1413,Fantasy,Egypt,0.0
1414,Film-Noir,Egypt,0.0
1415,Game-Show,Egypt,0.0
1416,History,Egypt,0.25
1417,Horror,Egypt,0.0
1418,Music,Egypt,0.0
1419,Musical,Egypt,0.0
1420,Mystery,Egypt,0.0
1421,News,Egypt,0.25
1422,Reality-TV,Egypt,0.0
1423,Romance,Egypt,0.0
1424,Sci-Fi,Egypt,0.0
1425,Short,Egypt,0.0
1426,Sport,Egypt,0.0
1427,Thriller,Egypt,0.0
1428,War,Egypt,0.0
1429,Western,Egypt,0.0
1430,Action,Kyrgyzstan,0.25
1431,Adventure,Kyrgyzstan,0.0
1432,Animation,Kyrgyzstan,0.0
1433,Biography,Kyrgyzstan,0.25
1434,Comedy,Kyrgyzstan,0.0
1435,Crime,Kyrgyzstan,0.0
1436,Documentary,Kyrgyzstan,0.0
1437,Drama,Kyrgyzstan,0.25
1438,Family,Kyrgyzstan,0.0
1439,Fantasy,Kyrgyzstan,0.0
1440,Film-Noir,Kyrgyzstan,0.0
1441,Game-Show,Kyrgyzstan,0.0
1442,History,Kyrgyzstan,0.25
1443,Horror,Kyrgyzstan,0.0
1444,Music,Kyrgyzstan,0.0
1445,Musical,Kyrgyzstan,0.0
1446,Mystery,Kyrgyzstan,0.0
1447,News,Kyrgyzstan,0.0
1448,Reality-TV,Kyrgyzstan,0.0
1449,Romance,Kyrgyzstan,0.0
1450,Sci-Fi,Kyrgyzstan,0.0
1451,Short,Kyrgyzstan,0.0
1452,Sport,Kyrgyzstan,0.0
1453,Thriller,Kyrgyzstan,0.0
1454,War,Kyrgyzstan,0.0
1455,Western,Kyrgyzstan,0.0
1456,Action,Indonesia,0.333333333333
1457,Adventure,Indonesia,0.0
1458,Animation,Indonesia,0.0
1459,Biography,Indonesia,0.0
1460,Comedy,Indonesia,0.0
1461,Crime,Indonesia,0.333333333333
1462,Documentary,Indonesia,0.0
1463,Drama,Indonesia,0.0
1464,Family,Indonesia,0.0
1465,Fantasy,Indonesia,0.0
1466,Film-Noir,Indonesia,0.0
1467,Game-Show,Indonesia,0.0
1468,History,Indonesia,0.0
1469,Horror,Indonesia,0.0
1470,Music,Indonesia,0.0
1471,Musical,Indonesia,0.0
1472,Mystery,Indonesia,0.0
1473,News,Indonesia,0.0
1474,Reality-TV,Indonesia,0.0
1475,Romance,Indonesia,0.0
1476,Sci-Fi,Indonesia,0.0
1477,Short,Indonesia,0.0
1478,Sport,Indonesia,0.0
1479,Thriller,Indonesia,0.333333333333
1480,War,Indonesia,0.0
1481,Western,Indonesia,0.0
1482,Action,Pakistan,0.0
1483,Adventure,Pakistan,0.0
1484,Animation,Pakistan,0.0
1485,Biography,Pakistan,0.0
1486,Comedy,Pakistan,0.5
1487,Crime,Pakistan,0.0
1488,Documentary,Pakistan,0.0
1489,Drama,Pakistan,0.0
1490,Family,Pakistan,0.5
1491,Fantasy,Pakistan,0.0
1492,Film-Noir,Pakistan,0.0
1493,Game-Show,Pakistan,0.0
1494,History,Pakistan,0.0
1495,Horror,Pakistan,0.0
1496,Music,Pakistan,0.0
1497,Musical,Pakistan,0.0
1498,Mystery,Pakistan,0.0
1499,News,Pakistan,0.0
1500,Reality-TV,Pakistan,0.0
1501,Romance,Pakistan,0.0
1502,Sci-Fi,Pakistan,0.0
1503,Short,Pakistan,0.0
1504,Sport,Pakistan,0.0
1505,Thriller,Pakistan,0.0
1506,War,Pakistan,0.0
1507,Western,Pakistan,0.0
1508,Action,Slovenia,0.0
1509,Adventure,Slovenia,0.0
1510,Animation,Slovenia,0.0
1511,Biography,Slovenia,0.0
1512,Comedy,Slovenia,1.0
1513,Crime,Slovenia,0.0
1514,Documentary,Slovenia,0.0
1515,Drama,Slovenia,0.0
1516,Family,Slovenia,0.0
1517,Fantasy,Slovenia,0.0
1518,Film-Noir,Slovenia,0.0
1519,Game-Show,Slovenia,0.0
1520,History,Slovenia,0.0
1521,Horror,Slovenia,0.0
1522,Music,Slovenia,0.0
1523,Musical,Slovenia,0.0
1524,Mystery,Slovenia,0.0
1525,News,Slovenia,0.0
1526,Reality-TV,Slovenia,0.0
1527,Romance,Slovenia,0.0
1528,Sci-Fi,Slovenia,0.0
1529,Short,Slovenia,0.0
1530,Sport,Slovenia,0.0
1531,Thriller,Slovenia,0.0
1532,War,Slovenia,0.0
1533,Western,Slovenia,0.0
1534,Action,Afghanistan,0.0
1535,Adventure,Afghanistan,0.0
1536,Animation,Afghanistan,0.0
1537,Biography,Afghanistan,0.0
1538,Comedy,Afghanistan,0.0
1539,Crime,Afghanistan,0.0
1540,Documentary,Afghanistan,0.0
1541,Drama,Afghanistan,1.0
1542,Family,Afghanistan,0.0
1543,Fantasy,Afghanistan,0.0
1544,Film-Noir,Afghanistan,0.0
1545,Game-Show,Afghanistan,0.0
1546,History,Afghanistan,0.0
1547,Horror,Afghanistan,0.0
1548,Music,Afghanistan,0.0
1549,Musical,Afghanistan,0.0
1550,Mystery,Afghanistan,0.0
1551,News,Afghanistan,0.0
1552,Reality-TV,Afghanistan,0.0
1553,Romance,Afghanistan,0.0
1554,Sci-Fi,Afghanistan,0.0
1555,Short,Afghanistan,0.0
1556,Sport,Afghanistan,0.0
1557,Thriller,Afghanistan,0.0
1558,War,Afghanistan,0.0
1559,Western,Afghanistan,0.0
1560,Action,Dominican Republic,0.0
1561,Adventure,Dominican Republic,0.0
1562,Animation,Dominican Republic,0.0
1563,Biography,Dominican Republic,0.0
1564,Comedy,Dominican Republic,0.0
1565,Crime,Dominican Republic,0.5
1566,Documentary,Dominican Republic,0.0
1567,Drama,Dominican Republic,0.5
1568,Family,Dominican Republic,0.0
1569,Fantasy,Dominican Republic,0.0
1570,Film-Noir,Dominican Republic,0.0
1571,Game-Show,Dominican Republic,0.0
1572,History,Dominican Republic,0.0
1573,Horror,Dominican Republic,0.0
1574,Music,Dominican Republic,0.0
1575,Musical,Dominican Republic,0.0
1576,Mystery,Dominican Republic,0.0
1577,News,Dominican Republic,0.0
1578,Reality-TV,Dominican Republic,0.0
1579,Romance,Dominican Republic,0.0
1580,Sci-Fi,Dominican Republic,0.0
1581,Short,Dominican Republic,0.0
1582,Sport,Dominican Republic,0.0
1583,Thriller,Dominican Republic,0.0
1584,War,Dominican Republic,0.0
1585,Western,Dominican Republic,0.0
1586,Action,Cameroon,0.0
1587,Adventure,Cameroon,0.0
1588,Animation,Cameroon,0.0
1589,Biography,Cameroon,0.0
1590,Comedy,Cameroon,0.0
1591,Crime,Cameroon,0.0
1592,Documentary,Cameroon,1.0
1593,Drama,Cameroon,0.0
1594,Family,Cameroon,0.0
1595,Fantasy,Cameroon,0.0
1596,Film-Noir,Cameroon,0.0
1597,Game-Show,Cameroon,0.0
1598,History,Cameroon,0.0
1599,Horror,Cameroon,0.0
1600,Music,Cameroon,0.0
1601,Musical,Cameroon,0.0
1602,Mystery,Cameroon,0.0
1603,News,Cameroon,0.0
1604,Reality-TV,Cameroon,0.0
1605,Romance,Cameroon,0.0
1606,Sci-Fi,Cameroon,0.0
1607,Short,Cameroon,0.0
1608,Sport,Cameroon,0.0
1609,Thriller,Cameroon,0.0
1610,War,Cameroon,0.0
1611,Western,Cameroon,0.0
1612,Action,United Arab Emirates,0.0
1613,Adventure,United Arab Emirates,0.0
1614,Animation,United Arab Emirates,0.0
1615,Biography,United Arab Emirates,0.0
1616,Comedy,United Arab Emirates,0.0
1617,Crime,United Arab Emirates,0.0
1618,Documentary,United Arab Emirates,0.5
1619,Drama,United Arab Emirates,0.0
1620,Family,United Arab Emirates,0.5
1621,Fantasy,United Arab Emirates,0.0
1622,Film-Noir,United Arab Emirates,0.0
1623,Game-Show,United Arab Emirates,0.0
1624,History,United Arab Emirates,0.0
1625,Horror,United Arab Emirates,0.0
1626,Music,United Arab Emirates,0.0
1627,Musical,United Arab Emirates,0.0
1628,Mystery,United Arab Emirates,0.0
1629,News,United Arab Emirates,0.0
1630,Reality-TV,United Arab Emirates,0.0
1631,Romance,United Arab Emirates,0.0
1632,Sci-Fi,United Arab Emirates,0.0
1633,Short,United Arab Emirates,0.0
1634,Sport,United Arab Emirates,0.0
1635,Thriller,United Arab Emirates,0.0
1636,War,United Arab Emirates,0.0
1637,Western,United Arab Emirates,0.0
1638,Action,Kenya,0.0
1639,Adventure,Kenya,0.0
1640,Animation,Kenya,0.0
1641,Biography,Kenya,0.0
1642,Comedy,Kenya,0.0
1643,Crime,Kenya,0.0
1644,Documentary,Kenya,0.0
1645,Drama,Kenya,1.0
1646,Family,Kenya,0.0
1647,Fantasy,Kenya,0.0
1648,Film-Noir,Kenya,0.0
1649,Game-Show,Kenya,0.0
1650,History,Kenya,0.0
1651,Horror,Kenya,0.0
1652,Music,Kenya,0.0
1653,Musical,Kenya,0.0
1654,Mystery,Kenya,0.0
1655,News,Kenya,0.0
1656,Reality-TV,Kenya,0.0
1657,Romance,Kenya,0.0
1658,Sci-Fi,Kenya,0.0
1659,Short,Kenya,0.0
1660,Sport,Kenya,0.0
1661,Thriller,Kenya,0.0
1662,War,Kenya,0.0
1663,Western,Kenya,0.0
1664,Action,Philippines,0.0
1665,Adventure,Philippines,0.0
1666,Animation,Philippines,0.0
1667,Biography,Philippines,0.0
1668,Comedy,Philippines,0.0
1669,Crime,Philippines,0.0
1670,Documentary,Philippines,0.0
1671,Drama,Philippines,0.0
1672,Family,Philippines,0.0
1673,Fantasy,Philippines,0.0
1674,Film-Noir,Philippines,0.0
1675,Game-Show,Philippines,0.0
1676,History,Philippines,0.0
1677,Horror,Philippines,0.0
1678,Music,Philippines,0.0
1679,Musical,Philippines,0.0
1680,Mystery,Philippines,0.0
1681,News,Philippines,0.0
1682,Reality-TV,Philippines,0.0
1683,Romance,Philippines,0.0
1684,Sci-Fi,Philippines,0.0
1685,Short,Philippines,0.0
1686,Sport,Philippines,0.0
1687,Thriller,Philippines,1.0
1688,War,Philippines,0.0
1689,Western,Philippines,0.0
